AMOS Administration Training,AMOS Version Upgrade Training,Base Maintenance,Billing and Contract Management Basics,Component Maintenance - Advanced,Component Maintenance for Shop Mechanics,Configuration and Software Management,Data Structure,Data Transfer & AIM Training Basics,Engineering Order - EO,Engineering Part 2,Financial Management,IT Administration Advanced (PostgreSQL),IT Administrator,Key User Awareness Session,Line Maintenance,Maintenance Control Part 2,Maintenance Planning,Maintenance Programs - Multi Operators Part 2,Maintenance Programs - Single Operator Part 2,Material Management,Modification Control,MRO Production Planning & Control,MRO Quotation Management,Report Designer,Resource Management,Shift Planning,Shop Administration & Planning,Shortened Key User Awareness Session,Staff Administration,Store Management,Stores,Stores & Stores Management,Technical Records,Troubleshooting & Reliability,Warranty
,,,,,,,,,,,,,,,,,,,,,,,,1,,2,,,,,,,,,
,,,,,,,,,,,,,,,,,,,,,,,,1,,2,,,,,,,,,
,,,,,,,,,,,,,,5,,4,3,1,2,,,,,,,,,,,,,,,,
,,,,,,,,,,,,,,5,,4,3,1,2,,,,,,,,,,,,,,,,
,,,,,,,,,,,,,,5,,4,3,1,2,,,,,,,,,,,,,,,,
,,,,,,,,,,,,,,5,,4,3,1,2,,,,,,,,,,,,,,,,
,,,,,,,,,,,,,,,,,,,,,,,,,,,,,,,,,,,
,,,,4,5,,,,,,,,,,,,,,,1,,2,3,,,,,,,,,,,,
,,,,4,5,,,,,,,,,,,,,,,1,,2,3,,,,,,,,,,,,
,,,,4,5,,,,,,,,,,,,,,,1,,2,3,,,,,,,,,,,,
,,,,4,5,,,,,,,,,,,,,,,1,,2,3,,,,,,,,,,,,
,,,,4,5,,,,,,,,,,,,,,,1,,2,3,,,,,,,,,,,,
,,,,,,,,,,,,,,,,,,,,,,,,1,,2,,,,,,,,,
,,,,,,,,,,,,,,,,,,,,,,,,1,,2,,,,,,,,,
,,,,,,,,,,,,1,,,3,,,,,,,,,2,,,,,,,,,,,
,,,,,,,,,,,,1,,,3,,,,,,,,,2,,,,,,,,,,,
,,,,,,,,,,,,1,,,3,,,,,,,,,2,,,,,,,,,,,
,,,,,,,,,,,,1,,,3,,,,,,,,,2,,,,,,,,,,,
